{"_runtime":1.6788534,"_step":173,"_wandb":{"runtime":1},"epoch":173,"loss":22.394027812153098,"_timestamp":1.7286288453371854e+09}