{"epoch":224,"_wandb":{"runtime":1},"loss":0.0001705693529361555,"_timestamp":1.7285560487718687e+09,"_runtime":1.6908371,"_step":224}