{"_runtime":1.4592452,"_step":200,"_wandb":{"runtime":1},"epoch":200,"loss":0.00018168046387157937,"_timestamp":1.7286278577656622e+09}