{"_runtime":1.6897043,"_step":303,"epoch":303,"_wandb":{"runtime":1},"loss":0.00016883216093120827,"_timestamp":1.728556571524533e+09}