{"_timestamp":1.7287471690589092e+09,"_runtime":764.5868404,"_step":651,"_wandb":{"runtime":1392},"epoch":100,"train/loss":NaN,"val/loss":NaN}