{"_runtime":1.8259393,"_step":78,"_wandb":{"runtime":1},"epoch":78,"loss":1.873937665216213e-05,"_timestamp":1.7285554863002138e+09}