{"_timestamp":1.72863022624363e+09,"_runtime":1.5274728,"_step":203,"_wandb":{"runtime":1},"epoch":203,"loss":0.00019334546904716806}