{"_runtime":1.7572591,"_step":224,"epoch":224,"loss":0.0001705693529361555,"_timestamp":1.7285561455631623e+09,"_wandb":{"runtime":1}}