{"_step":368,"epoch":368,"loss":0.000100596387398271,"_wandb":{"runtime":278},"_timestamp":1.7285557658866887e+09,"_runtime":1.5208985}