{"_step":303,"epoch":303,"loss":0.00016883216093120827,"_wandb":{"runtime":2},"_timestamp":1.7285565397268791e+09,"_runtime":2.2592777}